Binned Micro-organism	Bin name	
UNK	MetaBAT1.v2.bin.5	"{'Translation table': 11, 'GC std': 0.006744709815286452, '# ambiguous bases': 0, 'Genome size': 264266, 'Longest contig': 124352, 'N50 (scaffolds)': 37070, 'Mean scaffold length': 44044.333333333336, '# contigs': 6, '# scaffolds': 6, '# predicted genes': 268, 'Longest scaffold': 124352, 'GC': 0.547754913609772, 'N50 (contigs)': 37070, 'Coding density': 0.8993173544837398, 'Mean contig length': 44044.333333333336}"
SYNERGISTAC3	MetaBAT1.v2.bin.4	"{'Translation table': 11, 'GC std': 0.02398039674817033, '# ambiguous bases': 0, 'Genome size': 256123, 'Longest contig': 96542, 'N50 (scaffolds)': 44199, 'Mean scaffold length': 28458.111111111109, '# contigs': 9, '# scaffolds': 9, '# predicted genes': 259, 'Longest scaffold': 96542, 'GC': 0.550266863967703, 'N50 (contigs)': 44199, 'Coding density': 0.9307793521081668, 'Mean contig length': 28458.111111111109}"
SYNERGISTAC2	MetaBAT1.v2.bin.3	"{'Translation table': 11, 'GC std': 0.02066093070735535, '# ambiguous bases': 30, 'Genome size': 2307361, 'Longest contig': 661471, 'N50 (scaffolds)': 440594, 'Mean scaffold length': 177489.30769230769, '# contigs': 16, '# scaffolds': 13, '# predicted genes': 2133, 'Longest scaffold': 857115, 'GC': 0.6360015099697442, 'N50 (contigs)': 212984, 'Coding density': 0.9074661485567278, 'Mean contig length': 144208.1875}"
SYNERGISTAC1	MetaBAT1.v2.bin.2	"{'Translation table': 11, 'GC std': 0.03134526435276248, '# ambiguous bases': 930, 'Genome size': 2941343, 'Longest contig': 248168, 'N50 (scaffolds)': 57063, 'Mean scaffold length': 29413.43, '# contigs': 112, '# scaffolds': 100, '# predicted genes': 2731, 'Longest scaffold': 248168, 'GC': 0.5866067113701374, 'N50 (contigs)': 54418, 'Coding density': 0.8830687206490369, 'Mean contig length': 26253.6875}"
DESULF.ALASK	MetaBAT1.v2.bin.1	"{'Translation table': 11, 'GC std': 0.018306523154238228, '# ambiguous bases': 20, 'Genome size': 3407688, 'Longest contig': 300732, 'N50 (scaffolds)': 140764, 'Mean scaffold length': 85192.199999999997, '# contigs': 42, '# scaffolds': 40, '# predicted genes': 3061, 'Longest scaffold': 496994, 'GC': 0.5799370713344141, 'N50 (contigs)': 133858, 'Coding density': 0.8837836679883839, 'Mean contig length': 81134.952380952382}"